,Model,Accuracy,F1 Score,Precision,Recall
0,Random Forest 5,0.925,0.8695652173913044,1.0,0.7692307692307693
1,Random Forest 10,0.9375,0.8936170212765957,1.0,0.8076923076923077
2,Random Forest 50,0.9625,0.9387755102040816,1.0,0.8846153846153846
3,Random Forest 100,0.975,0.9600000000000001,1.0,0.9230769230769231
4,Random Forest 200,0.9625,0.9387755102040816,1.0,0.8846153846153846
